data_name,num_classes,data_type,label_col,variant,sampling_modifiedRS_rho,sampling_weightedRS_percentage,loss,wce_alpha,fl_gamma,pl_seed,val_f1_macro,test_f1_macro,test_f1_per_label_0,test_f1_per_label_1,test_f1_per_label_2,test_f1_per_label_3,test_f1_per_label_4,test_accuracy,test_precision_macro,test_precision_weighted,test_recall_macro,test_recall_weighted,test_auprc,mlflow_run_id
gibert-2018-shs,2,bin,label,baseline,-,-,Loss.CE_Loss,-,-,21,0.7956506013870239,0.7706186175346375,0.9394673109054565,0.6017699241638184,0,0,0,0.8949089050292969,0.7417279481887817,0.9128091335296631,0.8146390914916992,0.8949089050292969,0.8055741786956787,13fa17f3c0ee475e949d099f2c8d0122
gibert-2018-shs,2,bin,label,baseline,-,-,Loss.CE_Loss,-,-,0,0.7754654884338379,0.7612835764884949,0.9504950642585754,0.5720720887184143,0,0,0,0.9112564325332642,0.7808305025100708,0.9061327576637268,0.7451856136322021,0.9112564325332642,0.7648788690567017,48a58179cace4338879304bfa0d09afc
gibert-2018-shs,2,bin,label,baseline,-,-,Loss.CE_Loss,-,-,42,0.7993371486663818,0.7749082446098328,0.9485895037651062,0.6012269854545593,0,0,0,0.9089210629463196,0.7696742415428162,0.9107878804206848,0.7804546356201172,0.9089210629463196,0.8051717281341553,72b5595e9ca246ef87ed92542d093e46
