data_name,num_classes,data_type,label_col,variant,sampling_modifiedRS_rho,sampling_weightedRS_percentage,loss,wce_alpha,fl_gamma,pl_seed,val_f1_macro,test_f1_macro,test_f1_per_label_0,test_f1_per_label_1,test_f1_per_label_2,test_f1_per_label_3,test_f1_per_label_4,test_accuracy,test_precision_macro,test_precision_weighted,test_recall_macro,test_recall_weighted,test_auprc,mlflow_run_id
cmsb-tsd,2,bin,label,th,-,-,Loss.CE_Loss,-,-,21,0.8449648022651672,0.8593759536743164,0.9597774744033813,0.7589743733406067,0,0,0,0.9310597777366638,0.8397750854492188,0.9364663362503052,0.8830469846725464,0.9310597777366638,0.9099517464637756,607ff4c6e344475e98efe270ccddfc82
cmsb-tsd,2,bin,label,baseline,-,-,Loss.CE_Loss,-,-,42,0.8494186997413635,0.8410776853561401,0.9518046379089355,0.7303506731987,0,0,0,0.9182251691818237,0.8114686012268066,0.9304632544517517,0.8826661705970764,0.9182251691818237,0.8958255052566528,d07b9e2318f54ed7a37ef3ce83ab052e
cmsb-tsd,2,bin,label,baseline,-,-,Loss.CE_Loss,-,-,0,0.8500320911407471,0.8400869965553284,0.9594793319702148,0.7206946611404419,0,0,0,0.929226279258728,0.8548581600189209,0.9268540143966675,0.8270093202590942,0.929226279258728,0.9018721580505371,4fecc194f40a4ec18b35c8edb5c8a598
cmsb-tsd,2,bin,label,th,-,-,Loss.CE_Loss,-,-,42,0.8363751173019409,0.8371715545654297,0.9472762942314148,0.7270668148994446,0,0,0,0.9116244912147522,0.7987685799598694,0.9329231381416321,0.9010868668556213,0.9116244912147522,0.8974695205688477,89b7e19ffa5943d5a04089ff8c97f1d8
cmsb-tsd,2,bin,label,baseline,-,-,Loss.CE_Loss,-,-,21,0.8501193523406982,0.8496794700622559,0.9610280394554138,0.7383309602737427,0,0,0,0.9321599006652832,0.8570601940155029,0.9309064745903015,0.8427382707595825,0.9321599006652832,0.9028759598731995,8adc8e822cf5442594d5a768599e2720
cmsb-tsd,2,bin,label,th,-,-,Loss.CE_Loss,-,-,0,0.8453575372695923,0.8507558107376099,0.9609786868095398,0.7405329346656799,0,0,0,0.9321599006652832,0.8554455041885376,0.9313264489173889,0.846247673034668,0.9321599006652832,0.899402379989624,14d1609eb6ea4dda9ff317884577d9a6
